corner_id,x,y
0,144.3673838509485,300.24826743843386
1,145.388179404343,261.33111142195986
2,218.7059595375502,247.0074993622032
3,217.9059383059245,267.3855772857679
4,447.3296822550189,128.4191770190943
5,445.8220622485315,147.83591052794858
6,22.799999999999898,350.6285714285714
7,26.457142857142745,274.74285714285713
8,163.5999999999999,246.39999999999995
9,189.19999999999996,231.7714285714285
10,353.77142857142854,69.02857142857135
